| default                  | NULL                                  |
| astra-prod@list.acme.com  | 97ff7056-c561-4ace-b977-d432dacedaa8  |
| bruce.clark@acme.com           | NULL                                  |
| bruce.smith@acme.com           | NULL                                  |
| daniel.cook@acme.com           | NULL                                  |
| ethan.smith@acme.com     | NULL                                  |
| madison.smith@sstech.us           | NULL                                  |
| noah.wayne@acme.com           | NULL                                  |
| ray.smith@acme.com           | NULL                                  |
| mason.wayne@acme.com           | NULL                                  |
| flash.knight@acme.com           | NULL                                  |
| system                   | d4c92cdd-f442-40e7-8c3f-5199bed641e0  |
