| default                  | NULL          |
| astra-prod@list.acme.com  | 280723139509  |
| bruce.clark@acme.com           | NULL          |
| bruce.smith@acme.com           | NULL          |
| daniel.cook@acme.com           | NULL          |
| ethan.smith@acme.com     | NULL          |
| madison.smith@sstech.us           | NULL          |
| noah.wayne@acme.com           | NULL          |
| ray.smith@acme.com           | NULL          |
| mason.wayne@acme.com           | NULL          |
| flash.knight@acme.com           | NULL          |
| system                   | 020544333355  |
