| default                  | NULL            |
| astra-prod@list.acme.com  | NULL            |
| bruce.clark@acme.com           | noah.wayne@acme.com  |
| bruce.smith@acme.com           | NULL            |
| daniel.cook@acme.com           | NULL            |
| ethan.smith@acme.com     | NULL            |
| madison.smith@sstech.us           | NULL            |
| noah.wayne@acme.com           | NULL            |
| ray.smith@acme.com           | NULL            |
| mason.wayne@acme.com           | NULL            |
| flash.knight@acme.com           | NULL            |
| system                   | NULL            |
