| Backdoor:EC2/Spambot                             | {"schemaVersion":"2.0","accountId":"%ACCOUNTID%","region":"%REGION%","partition":"aws","id":"%ID%","arn":"%ARN%","type":"Backdoor:EC2/Spambot","resource":{"resourceType":"Instance","instanceDetails":{"instanceId":"i-99999999","instanceType":"m3.xlarge","launchTime":"%TS%","platform":"null","productCodes":[{"productCodeId":"GeneratedFindingProductCodeId","productCodeType":"GeneratedFindingProductCodeType"}],"iamInstanceProfile":{"arn":"GeneratedFindingInstanceProfileArn","id":"GeneratedFindingInstanceProfileId"},"networkInterfaces":[{"ipv6Addresses":[],"networkInterfaceId":"eni-bfcffe88","privateDnsName":"GeneratedFindingPrivateDnsName","privateIpAddress":"10.0.0.1","privateIpAddresses":[{"privateDnsName":"GeneratedFindingPrivateName","privateIpAddress":"10.0.0.1"}],"subnetId":"GeneratedFindingSubnetId","vpcId":"GeneratedFindingVPCId","securityGroups":[{"groupName":"GeneratedFindingSecurityGroupName","groupId":"GeneratedFindingSecurityId"}],"publicDnsName":"GeneratedFindingPublicDNSName","publicIp":"%SRC_IP%"}],"tags":[{"key":"GeneratedFindingInstaceTag1","value":"GeneratedFindingInstaceValue1"},{"key":"GeneratedFindingInstaceTag2","value":"GeneratedFindingInstaceTagValue2"},{"key":"GeneratedFindingInstaceTag3","value":"GeneratedFindingInstaceTagValue3"},{"key":"GeneratedFindingInstaceTag4","value":"GeneratedFindingInstaceTagValue4"},{"key":"GeneratedFindingInstaceTag5","value":"GeneratedFindingInstaceTagValue5"},{"key":"GeneratedFindingInstaceTag6","value":"GeneratedFindingInstaceTagValue6"},{"key":"GeneratedFindingInstaceTag7","value":"GeneratedFindingInstaceTagValue7"},{"key":"GeneratedFindingInstaceTag8","value":"GeneratedFindingInstaceTagValue8"},{"key":"GeneratedFindingInstaceTag9","value":"GeneratedFindingInstaceTagValue9"}],"instanceState":"running","availabilityZone":"GeneratedFindingInstaceAvailabilityZone","imageId":"ami-99999999","imageDescription":"GeneratedFindingInstaceImageDescription"}},"service":{"serviceName":"guardduty","detectorId":"%ID2%","action":{"actionType":"NETWORK_CONNECTION","networkConnectionAction":{"connectionDirection":"OUTBOUND","remoteIpDetails":{"ipAddressV4":"%SRC_IP%","organization":{"asn":"-1","asnOrg":"GeneratedFindingASNOrg","isp":"GeneratedFindingISP","org":"GeneratedFindingORG"},"country":{"countryName":"GeneratedFindingCountryName"},"city":{"cityName":"GeneratedFindingCityName"},"geoLocation":{"lat":0,"lon":0}},"remotePortDetails":{"port":22,"portName":"SSH"},"localPortDetails":{"port":2000,"portName":"Unknown"},"protocol":"TCP","blocked":"false"}},"resourceRole":"TARGET","additionalInfo":{"unusualProtocol":"UDP","threatListName":"GeneratedFindingThreatListName","unusual":22,"sample":"true"},"eventFirstSeen":"%TS%","eventLastSeen":"%TS%","archived":"false","count":1},"severity":5,"createdAt":"%TS%","updatedAt":"%TS%","title":"Unusual outbound communication on port 25 from EC2 instance i-99999999.","description":"EC2 instance i-99999999 is communicating on an unusual port 25 with a remote host. This port is commonly used to send email."} |
| Backdoor:EC2/XORDDOS                             | {"schemaVersion":"2.0","accountId":"%ACCOUNTID%","region":"%REGION%","partition":"aws","id":"%ID%","arn":"%ARN%","type":"Backdoor:EC2/XORDDOS","resource":{"resourceType":"Instance","instanceDetails":{"instanceId":"i-99999999","instanceType":"m3.xlarge","launchTime":"%TS%","platform":"null","productCodes":[{"productCodeId":"GeneratedFindingProductCodeId","productCodeType":"GeneratedFindingProductCodeType"}],"iamInstanceProfile":{"arn":"GeneratedFindingInstanceProfileArn","id":"GeneratedFindingInstanceProfileId"},"networkInterfaces":[{"ipv6Addresses":[],"networkInterfaceId":"eni-bfcffe88","privateDnsName":"GeneratedFindingPrivateDnsName","privateIpAddress":"10.0.0.1","privateIpAddresses":[{"privateDnsName":"GeneratedFindingPrivateName","privateIpAddress":"10.0.0.1"}],"subnetId":"GeneratedFindingSubnetId","vpcId":"GeneratedFindingVPCId","securityGroups":[{"groupName":"GeneratedFindingSecurityGroupName","groupId":"GeneratedFindingSecurityId"}],"publicDnsName":"GeneratedFindingPublicDNSName","publicIp":"%SRC_IP%"}],"tags":[{"key":"GeneratedFindingInstaceTag1","value":"GeneratedFindingInstaceValue1"},{"key":"GeneratedFindingInstaceTag2","value":"GeneratedFindingInstaceTagValue2"},{"key":"GeneratedFindingInstaceTag3","value":"GeneratedFindingInstaceTagValue3"},{"key":"GeneratedFindingInstaceTag4","value":"GeneratedFindingInstaceTagValue4"},{"key":"GeneratedFindingInstaceTag5","value":"GeneratedFindingInstaceTagValue5"},{"key":"GeneratedFindingInstaceTag6","value":"GeneratedFindingInstaceTagValue6"},{"key":"GeneratedFindingInstaceTag7","value":"GeneratedFindingInstaceTagValue7"},{"key":"GeneratedFindingInstaceTag8","value":"GeneratedFindingInstaceTagValue8"},{"key":"GeneratedFindingInstaceTag9","value":"GeneratedFindingInstaceTagValue9"}],"instanceState":"running","availabilityZone":"GeneratedFindingInstaceAvailabilityZone","imageId":"ami-99999999","imageDescription":"GeneratedFindingInstaceImageDescription"}},"service":{"serviceName":"guardduty","detectorId":"%DETECT_ID%","action":{"actionType":"NETWORK_CONNECTION","networkConnectionAction":{"remoteIpDetails":{"ipAddressV4":"%SRC_IP%","organization":{"asn":"-1","asnOrg":"GeneratedFindingASNOrg","isp":"GeneratedFindingISP","org":"GeneratedFindingORG"},"country":{"countryName":"GeneratedFindingCountryName"},"city":{"cityName":"GeneratedFindingCityName"},"geoLocation":{"lat":0,"lon":0}},"blocked":"false"}},"resourceRole":"TARGET","additionalInfo":{"sample":"true"},"eventFirstSeen":"%TS%","eventLastSeen":"%TS%","archived":"false","count":1},"severity":8,"createdAt":"%TS%","updatedAt":"%TS%","title":"EC2 instance i-99999999 communicating with known XorDDos Malware server.","description":"EC2 instance i-99999999 is communicating with a Command & Control Server which is associated with the XorDDos malware."} |
| Behavior:EC2/NetworkPortUnusual                  | {"schemaVersion":"2.0","accountId":"%ACCOUNTID%","region":"%REGION%","partition":"aws","id":"%ID%","arn":"%ARN%","type":"Behavior:EC2/NetworkPortUnusual","resource":{"resourceType":"Instance","instanceDetails":{"instanceId":"i-99999999","instanceType":"m3.xlarge","launchTime":"%TS%","platform":"null","productCodes":[{"productCodeId":"GeneratedFindingProductCodeId","productCodeType":"GeneratedFindingProductCodeType"}],"iamInstanceProfile":{"arn":"GeneratedFindingInstanceProfileArn","id":"GeneratedFindingInstanceProfileId"},"networkInterfaces":[{"ipv6Addresses":[],"networkInterfaceId":"eni-bfcffe88","privateDnsName":"GeneratedFindingPrivateDnsName","privateIpAddress":"10.0.0.1","privateIpAddresses":[{"privateDnsName":"GeneratedFindingPrivateName","privateIpAddress":"10.0.0.1"}],"subnetId":"GeneratedFindingSubnetId","vpcId":"GeneratedFindingVPCId","securityGroups":[{"groupName":"GeneratedFindingSecurityGroupName","groupId":"GeneratedFindingSecurityId"}],"publicDnsName":"GeneratedFindingPublicDNSName","publicIp":"%SRC_IP%"}],"tags":[{"key":"GeneratedFindingInstaceTag1","value":"GeneratedFindingInstaceValue1"},{"key":"GeneratedFindingInstaceTag2","value":"GeneratedFindingInstaceTagValue2"},{"key":"GeneratedFindingInstaceTag3","value":"GeneratedFindingInstaceTagValue3"},{"key":"GeneratedFindingInstaceTag4","value":"GeneratedFindingInstaceTagValue4"},{"key":"GeneratedFindingInstaceTag5","value":"GeneratedFindingInstaceTagValue5"},{"key":"GeneratedFindingInstaceTag6","value":"GeneratedFindingInstaceTagValue6"},{"key":"GeneratedFindingInstaceTag7","value":"GeneratedFindingInstaceTagValue7"},{"key":"GeneratedFindingInstaceTag8","value":"GeneratedFindingInstaceTagValue8"},{"key":"GeneratedFindingInstaceTag9","value":"GeneratedFindingInstaceTagValue9"}],"instanceState":"running","availabilityZone":"GeneratedFindingInstaceAvailabilityZone","imageId":"ami-99999999","imageDescription":"GeneratedFindingInstaceImageDescription"}},"service":{"serviceName":"guardduty","detectorId":"%DETECT_ID%","action":{"actionType":"NETWORK_CONNECTION","networkConnectionAction":{"remoteIpDetails":{"ipAddressV4":"%SRC_IP%","organization":{"asn":"-1","asnOrg":"GeneratedFindingASNOrg","isp":"GeneratedFindingISP","org":"GeneratedFindingORG"},"country":{"countryName":"GeneratedFindingCountryName"},"city":{"cityName":"GeneratedFindingCityName"},"geoLocation":{"lat":0,"lon":0}},"blocked":"false","connectionDirection":"OUTBOUND","remotePortDetails":{"port":80,"portName":"HTTP"},"localPortDetails":{"port":34875,"portName":"Unknown"},"protocol":"TCP"}},"resourceRole":"ACTOR","additionalInfo":{"sample":"true","inBytes":"321987","localPort":"34875","outBytes":"6841","unusual":"80"},"eventFirstSeen":"%TS%","eventLastSeen":"%TS%","archived":"false","count":1},"severity":5,"createdAt":"%TS%","updatedAt":"%TS%","title":"Unusual outbound communication seen from EC2 instance i-99999999 on server port 80.","description":"EC2 instance i-99999999 is communicating with a remote host on an unusual server port 80."} |
| Behavior:EC2/TrafficVolumeUnusual                | {"schemaVersion":"2.0","accountId":"%ACCOUNTID%","region":"%REGION%","partition":"aws","id":"%ID%","arn":"%ARN%","type":"Behavior:EC2/TrafficVolumeUnusual","resource":{"resourceType":"Instance","instanceDetails":{"instanceId":"i-99999999","instanceType":"m3.xlarge","launchTime":"%TC%","platform":"null","productCodes":[{"productCodeId":"GeneratedFindingProductCodeId","productCodeType":"GeneratedFindingProductCodeType"}],"iamInstanceProfile":{"arn":"GeneratedFindingInstanceProfileArn","id":"GeneratedFindingInstanceProfileId"},"networkInterfaces":[{"ipv6Addresses":[],"networkInterfaceId":"eni-bfcffe88","privateDnsName":"GeneratedFindingPrivateDnsName","privateIpAddress":"10.0.0.1","privateIpAddresses":[{"privateDnsName":"GeneratedFindingPrivateName","privateIpAddress":"10.0.0.1"}],"subnetId":"GeneratedFindingSubnetId","vpcId":"GeneratedFindingVPCId","securityGroups":[{"groupName":"GeneratedFindingSecurityGroupName","groupId":"GeneratedFindingSecurityId"}],"publicDnsName":"GeneratedFindingPublicDNSName","publicIp":"%SRC_IP%"}],"tags":[{"key":"GeneratedFindingInstaceTag1","value":"GeneratedFindingInstaceValue1"},{"key":"GeneratedFindingInstaceTag2","value":"GeneratedFindingInstaceTagValue2"},{"key":"GeneratedFindingInstaceTag3","value":"GeneratedFindingInstaceTagValue3"},{"key":"GeneratedFindingInstaceTag4","value":"GeneratedFindingInstaceTagValue4"},{"key":"GeneratedFindingInstaceTag5","value":"GeneratedFindingInstaceTagValue5"},{"key":"GeneratedFindingInstaceTag6","value":"GeneratedFindingInstaceTagValue6"},{"key":"GeneratedFindingInstaceTag7","value":"GeneratedFindingInstaceTagValue7"},{"key":"GeneratedFindingInstaceTag8","value":"GeneratedFindingInstaceTagValue8"},{"key":"GeneratedFindingInstaceTag9","value":"GeneratedFindingInstaceTagValue9"}],"instanceState":"running","availabilityZone":"GeneratedFindingInstaceAvailabilityZone","imageId":"ami-99999999","imageDescription":"GeneratedFindingInstaceImageDescription"}},"service":{"serviceName":"guardduty","detectorId":"%DETECT_ID%","action":{"actionType":"NETWORK_CONNECTION","networkConnectionAction":{"remoteIpDetails":{"ipAddressV4":"%SRC_IP%","organization":{"asn":"-1","asnOrg":"GeneratedFindingASNOrg","isp":"GeneratedFindingISP","org":"GeneratedFindingORG"},"country":{"countryName":"GeneratedFindingCountryName"},"city":{"cityName":"GeneratedFindingCityName"},"geoLocation":{"lat":0,"lon":0}},"blocked":"false","connectionDirection":"OUTBOUND","remotePortDetails":{"port":22,"portName":"SSH"},"localPortDetails":{"port":2000,"portName":"Unknown"},"protocol":"TCP"}},"resourceRole":"TARGET","additionalInfo":{"sample":"true","unusual":22,"unusualProtocol":"UDP","threatListName":"GeneratedFindingThreatListName"},"eventFirstSeen":"%TS%","eventLastSeen":"%TS%","archived":"false","count":1},"severity":5,"createdAt":"%TS%","updatedAt":"%TS%","title":"Unusually large amount of network traffic from EC2 instance i-99999999.","description":"EC2 instance i-99999999 is generating unusually large amounts of network traffic to remote host 198.51.100.0."} |
| Recon:EC2/Portscan                               | {"schemaVersion":"2.0","accountId":"%ACCOUNTID%","region":"%REGION%","partition":"aws","id":"%ID%","arn":"%ARN%","type":"Recon:EC2/Portscan","resource":{"resourceType":"Instance","instanceDetails":{"instanceId":"i-99999999","instanceType":"m3.xlarge","launchTime":"%TS%","platform":"null","productCodes":[{"productCodeId":"GeneratedFindingProductCodeId","productCodeType":"GeneratedFindingProductCodeType"}],"iamInstanceProfile":{"arn":"GeneratedFindingInstanceProfileArn","id":"GeneratedFindingInstanceProfileId"},"networkInterfaces":[{"ipv6Addresses":[],"networkInterfaceId":"eni-bfcffe88","privateDnsName":"GeneratedFindingPrivateDnsName","privateIpAddress":"10.0.0.1","privateIpAddresses":[{"privateDnsName":"GeneratedFindingPrivateName","privateIpAddress":"10.0.0.1"}],"subnetId":"GeneratedFindingSubnetId","vpcId":"GeneratedFindingVPCId","securityGroups":[{"groupName":"GeneratedFindingSecurityGroupName","groupId":"GeneratedFindingSecurityId"}],"publicDnsName":"GeneratedFindingPublicDNSName","publicIp":"%SRC_IP%"}],"tags":[{"key":"GeneratedFindingInstaceTag1","value":"GeneratedFindingInstaceValue1"},{"key":"GeneratedFindingInstaceTag2","value":"GeneratedFindingInstaceTagValue2"},{"key":"GeneratedFindingInstaceTag3","value":"GeneratedFindingInstaceTagValue3"},{"key":"GeneratedFindingInstaceTag4","value":"GeneratedFindingInstaceTagValue4"},{"key":"GeneratedFindingInstaceTag5","value":"GeneratedFindingInstaceTagValue5"},{"key":"GeneratedFindingInstaceTag6","value":"GeneratedFindingInstaceTagValue6"},{"key":"GeneratedFindingInstaceTag7","value":"GeneratedFindingInstaceTagValue7"},{"key":"GeneratedFindingInstaceTag8","value":"GeneratedFindingInstaceTagValue8"},{"key":"GeneratedFindingInstaceTag9","value":"GeneratedFindingInstaceTagValue9"}],"instanceState":"running","availabilityZone":"GeneratedFindingInstaceAvailabilityZone","imageId":"ami-99999999","imageDescription":"GeneratedFindingInstaceImageDescription"}},"service":{"serviceName":"guardduty","detectorId":"%DETECT_ID%","action":{"actionType":"NETWORK_CONNECTION","networkConnectionAction":{"remoteIpDetails":{"ipAddressV4":"%SRC_IP%","organization":{"asn":"-1","asnOrg":"GeneratedFindingASNOrg","isp":"GeneratedFindingISP","org":"GeneratedFindingORG"},"country":{"countryName":"GeneratedFindingCountryName"},"city":{"cityName":"GeneratedFindingCityName"},"geoLocation":{"lat":0,"lon":0}},"blocked":"false","connectionDirection":"OUTBOUND","remotePortDetails":{"port":797,"portName":"Unknown"},"localPortDetails":{"port":24844,"portName":"Unknown"},"protocol":"TCP"}},"resourceRole":"ACTOR","additionalInfo":{"sample":"true","portsScannedSample":[855,738,837,819,792,882,756,678,732,714,400,813,795,822,696,735,708,690,654,717]},"eventFirstSeen":"%TS%","eventLastSeen":"%TS%","archived":"false","count":1},"severity":5,"createdAt":"%TS%","updatedAt":"%TS%","title":"Outbound portscan from EC2 instance i-99999999.","description":"EC2 instance i-99999999 is performing outbound port scans against remote host 198.51.100.0."} |
| Trojan:EC2/BlackholeTraffic                      | {"schemaVersion":"2.0","accountId":"%ACCOUNTID%","region":"%REGION%","partition":"aws","id":"%ID%","arn":"%ARN%","type":"Trojan:EC2/BlackholeTraffic","resource":{"resourceType":"Instance","instanceDetails":{"instanceId":"i-99999999","instanceType":"m3.xlarge","launchTime":"%TS%","platform":"null","productCodes":[{"productCodeId":"GeneratedFindingProductCodeId","productCodeType":"GeneratedFindingProductCodeType"}],"iamInstanceProfile":{"arn":"GeneratedFindingInstanceProfileArn","id":"GeneratedFindingInstanceProfileId"},"networkInterfaces":[{"ipv6Addresses":[],"networkInterfaceId":"eni-bfcffe88","privateDnsName":"GeneratedFindingPrivateDnsName","privateIpAddress":"10.0.0.1","privateIpAddresses":[{"privateDnsName":"GeneratedFindingPrivateName","privateIpAddress":"10.0.0.1"}],"subnetId":"GeneratedFindingSubnetId","vpcId":"GeneratedFindingVPCId","securityGroups":[{"groupName":"GeneratedFindingSecurityGroupName","groupId":"GeneratedFindingSecurityId"}],"publicDnsName":"GeneratedFindingPublicDNSName","publicIp":"%SRC_IP%"}],"tags":[{"key":"GeneratedFindingInstaceTag1","value":"GeneratedFindingInstaceValue1"},{"key":"GeneratedFindingInstaceTag2","value":"GeneratedFindingInstaceTagValue2"},{"key":"GeneratedFindingInstaceTag3","value":"GeneratedFindingInstaceTagValue3"},{"key":"GeneratedFindingInstaceTag4","value":"GeneratedFindingInstaceTagValue4"},{"key":"GeneratedFindingInstaceTag5","value":"GeneratedFindingInstaceTagValue5"},{"key":"GeneratedFindingInstaceTag6","value":"GeneratedFindingInstaceTagValue6"},{"key":"GeneratedFindingInstaceTag7","value":"GeneratedFindingInstaceTagValue7"},{"key":"GeneratedFindingInstaceTag8","value":"GeneratedFindingInstaceTagValue8"},{"key":"GeneratedFindingInstaceTag9","value":"GeneratedFindingInstaceTagValue9"}],"instanceState":"running","availabilityZone":"GeneratedFindingInstaceAvailabilityZone","imageId":"ami-99999999","imageDescription":"GeneratedFindingInstaceImageDescription"}},"service":{"serviceName":"guardduty","detectorId":"%DETECT_ID%","action":{"actionType":"NETWORK_CONNECTION","networkConnectionAction":{"remoteIpDetails":{"ipAddressV4":"%SRC_IP%","organization":{"asn":"-1","asnOrg":"GeneratedFindingASNOrg","isp":"GeneratedFindingISP","org":"GeneratedFindingORG"},"country":{"countryName":"GeneratedFindingCountryName"},"city":{"cityName":"GeneratedFindingCityName"},"geoLocation":{"lat":0,"lon":0}},"blocked":"false","connectionDirection":"OUTBOUND","remotePortDetails":{"port":80,"portName":"HTTP"},"localPortDetails":{"port":37617,"portName":"Unknown"},"protocol":"TCP"}},"resourceRole":"TARGET","additionalInfo":{"sample":"true","threatListName":"GeneratedFindingThreatListName"},"eventFirstSeen":"%TS%","eventLastSeen":"%TS%","archived":"false","count":1},"severity":5,"createdAt":"%TS%","updatedAt":"%TS%","title":"EC2 instance i-99999999 attempting connection to a blackholed IP Address.","description":"EC2 instance i-99999999 is attempting to communicate with a blackholed IP address 198.51.100.0 on port 80. Compromised IP addresses are often blackholed, and hence communication with such an IP could be an indication of a compromised EC2 instance."} |
| Trojan:EC2/DropPoint                             | {"schemaVersion":"2.0","accountId":"%ACCOUNTID%","region":"%REGION%","partition":"aws","id":"%ID%","arn":"%ARN%","type":"Trojan:EC2/DropPoint","resource":{"resourceType":"Instance","instanceDetails":{"instanceId":"i-99999999","instanceType":"m3.xlarge","launchTime":"%TS%","platform":"null","productCodes":[{"productCodeId":"GeneratedFindingProductCodeId","productCodeType":"GeneratedFindingProductCodeType"}],"iamInstanceProfile":{"arn":"GeneratedFindingInstanceProfileArn","id":"GeneratedFindingInstanceProfileId"},"networkInterfaces":[{"ipv6Addresses":[],"networkInterfaceId":"eni-bfcffe88","privateDnsName":"GeneratedFindingPrivateDnsName","privateIpAddress":"10.0.0.1","privateIpAddresses":[{"privateDnsName":"GeneratedFindingPrivateName","privateIpAddress":"10.0.0.1"}],"subnetId":"GeneratedFindingSubnetId","vpcId":"GeneratedFindingVPCId","securityGroups":[{"groupName":"GeneratedFindingSecurityGroupName","groupId":"GeneratedFindingSecurityId"}],"publicDnsName":"GeneratedFindingPublicDNSName","publicIp":"%SRC_IP%"}],"tags":[{"key":"GeneratedFindingInstaceTag1","value":"GeneratedFindingInstaceValue1"},{"key":"GeneratedFindingInstaceTag2","value":"GeneratedFindingInstaceTagValue2"},{"key":"GeneratedFindingInstaceTag3","value":"GeneratedFindingInstaceTagValue3"},{"key":"GeneratedFindingInstaceTag4","value":"GeneratedFindingInstaceTagValue4"},{"key":"GeneratedFindingInstaceTag5","value":"GeneratedFindingInstaceTagValue5"},{"key":"GeneratedFindingInstaceTag6","value":"GeneratedFindingInstaceTagValue6"},{"key":"GeneratedFindingInstaceTag7","value":"GeneratedFindingInstaceTagValue7"},{"key":"GeneratedFindingInstaceTag8","value":"GeneratedFindingInstaceTagValue8"},{"key":"GeneratedFindingInstaceTag9","value":"GeneratedFindingInstaceTagValue9"}],"instanceState":"running","availabilityZone":"GeneratedFindingInstaceAvailabilityZone","imageId":"ami-99999999","imageDescription":"GeneratedFindingInstaceImageDescription"}},"service":{"serviceName":"guardduty","detectorId":"%DETECT_ID%","action":{"actionType":"NETWORK_CONNECTION","networkConnectionAction":{"remoteIpDetails":{"ipAddressV4":"%SRC_IP%","organization":{"asn":"-1","asnOrg":"GeneratedFindingASNOrg","isp":"GeneratedFindingISP","org":"GeneratedFindingORG"},"country":{"countryName":"United States"},"city":{"cityName":"GeneratedFindingCityName"},"geoLocation":{"lat":0,"lon":0}},"blocked":"false","connectionDirection":"OUTBOUND","remotePortDetails":{"port":22,"portName":"SSH"},"localPortDetails":{"port":2000,"portName":"Unknown"},"protocol":"TCP"}},"resourceRole":"TARGET","additionalInfo":{"sample":"true","threatListName":"GeneratedFindingThreatListName","unusualProtocol":"UDP","unusual":22},"eventFirstSeen":"%TS%","eventLastSeen":"%TS%","archived":"false","count":1},"severity":5,"createdAt":"%TS%","updatedAt":"%TS%","title":"EC2 instance i-99999999 is communicating with a Drop Point.","description":"EC2 instance i-99999999 is communicating with a remote host 198.51.100.0 that is known to hold credentials and other stolen data captured by malware."} |
| UnauthorizedAccess:EC2/MaliciousIPCaller.Custom  | {"schemaVersion":"2.0","accountId":"%ACCOUNTID%","region":"%REGION%","partition":"aws","id":"%ID%","arn":"%ARN%","type":"UnauthorizedAccess:EC2/MaliciousIPCaller.Custom","resource":{"resourceType":"Instance","instanceDetails":{"instanceId":"i-99999999","instanceType":"m3.xlarge","launchTime":"%TS%","platform":"null","productCodes":[{"productCodeId":"GeneratedFindingProductCodeId","productCodeType":"GeneratedFindingProductCodeType"}],"iamInstanceProfile":{"arn":"GeneratedFindingInstanceProfileArn","id":"GeneratedFindingInstanceProfileId"},"networkInterfaces":[{"ipv6Addresses":[],"networkInterfaceId":"eni-bfcffe88","privateDnsName":"GeneratedFindingPrivateDnsName","privateIpAddress":"10.0.0.1","privateIpAddresses":[{"privateDnsName":"GeneratedFindingPrivateName","privateIpAddress":"10.0.0.1"}],"subnetId":"GeneratedFindingSubnetId","vpcId":"GeneratedFindingVPCId","securityGroups":[{"groupName":"GeneratedFindingSecurityGroupName","groupId":"GeneratedFindingSecurityId"}],"publicDnsName":"GeneratedFindingPublicDNSName","publicIp":"%SRC_IP%"}],"tags":[{"key":"GeneratedFindingInstaceTag1","value":"GeneratedFindingInstaceValue1"},{"key":"GeneratedFindingInstaceTag2","value":"GeneratedFindingInstaceTagValue2"},{"key":"GeneratedFindingInstaceTag3","value":"GeneratedFindingInstaceTagValue3"},{"key":"GeneratedFindingInstaceTag4","value":"GeneratedFindingInstaceTagValue4"},{"key":"GeneratedFindingInstaceTag5","value":"GeneratedFindingInstaceTagValue5"},{"key":"GeneratedFindingInstaceTag6","value":"GeneratedFindingInstaceTagValue6"},{"key":"GeneratedFindingInstaceTag7","value":"GeneratedFindingInstaceTagValue7"},{"key":"GeneratedFindingInstaceTag8","value":"GeneratedFindingInstaceTagValue8"},{"key":"GeneratedFindingInstaceTag9","value":"GeneratedFindingInstaceTagValue9"}],"instanceState":"running","availabilityZone":"GeneratedFindingInstaceAvailabilityZone","imageId":"ami-99999999","imageDescription":"GeneratedFindingInstaceImageDescription"}},"service":{"serviceName":"guardduty","detectorId":"%DETECT_ID%","action":{"actionType":"NETWORK_CONNECTION","networkConnectionAction":{"remoteIpDetails":{"ipAddressV4":"%SRC_IP%","organization":{"asn":"-1","asnOrg":"GeneratedFindingASNOrg","isp":"GeneratedFindingISP","org":"GeneratedFindingORG"},"country":{"countryName":"GeneratedFindingCountryName"},"city":{"cityName":"GeneratedFindingCityName"},"geoLocation":{"lat":0,"lon":0}},"blocked":"false","connectionDirection":"INBOUND","remotePortDetails":{"port":5711,"portName":"Unknown"},"localPortDetails":{"port":3389,"portName":"RDP"},"protocol":"TCP"}},"resourceRole":"TARGET","additionalInfo":{"sample":"true","threatListName":"GeneratedFindingThreatListName","threatName":"GeneratedFindingThreatName"},"eventFirstSeen":"%TS%","eventLastSeen":"%TS%","archived":"false","count":1},"severity":5,"createdAt":"%TS%","updatedAt":"%TS%","title":"EC2 instance i-99999999 communicating with disallowed IP address.","description":"EC2 instance i-99999999 is communicating with a disallowed IP address 198.51.100.0 on the list GeneratedFindingThreatListName."} |
| UnauthorizedAccess:EC2/RDPBruteForce             | {"schemaVersion":"2.0","accountId":"%ACCOUNTID%","region":"%REGION%","partition":"aws","id":"%ID%","arn":"%ARN%","type":"UnauthorizedAccess:EC2/RDPBruteForce","resource":{"resourceType":"Instance","instanceDetails":{"instanceId":"i-99999999","instanceType":"m3.xlarge","launchTime":"%TS%","platform":"null","productCodes":[{"productCodeId":"GeneratedFindingProductCodeId","productCodeType":"GeneratedFindingProductCodeType"}],"iamInstanceProfile":{"arn":"GeneratedFindingInstanceProfileArn","id":"GeneratedFindingInstanceProfileId"},"networkInterfaces":[{"ipv6Addresses":[],"networkInterfaceId":"eni-bfcffe88","privateDnsName":"GeneratedFindingPrivateDnsName","privateIpAddress":"10.0.0.1","privateIpAddresses":[{"privateDnsName":"GeneratedFindingPrivateName","privateIpAddress":"10.0.0.1"}],"subnetId":"GeneratedFindingSubnetId","vpcId":"GeneratedFindingVPCId","securityGroups":[{"groupName":"GeneratedFindingSecurityGroupName","groupId":"GeneratedFindingSecurityId"}],"publicDnsName":"GeneratedFindingPublicDNSName","publicIp":"%SRC_IP%"}],"tags":[{"key":"GeneratedFindingInstaceTag1","value":"GeneratedFindingInstaceValue1"},{"key":"GeneratedFindingInstaceTag2","value":"GeneratedFindingInstaceTagValue2"},{"key":"GeneratedFindingInstaceTag3","value":"GeneratedFindingInstaceTagValue3"},{"key":"GeneratedFindingInstaceTag4","value":"GeneratedFindingInstaceTagValue4"},{"key":"GeneratedFindingInstaceTag5","value":"GeneratedFindingInstaceTagValue5"},{"key":"GeneratedFindingInstaceTag6","value":"GeneratedFindingInstaceTagValue6"},{"key":"GeneratedFindingInstaceTag7","value":"GeneratedFindingInstaceTagValue7"},{"key":"GeneratedFindingInstaceTag8","value":"GeneratedFindingInstaceTagValue8"},{"key":"GeneratedFindingInstaceTag9","value":"GeneratedFindingInstaceTagValue9"}],"instanceState":"running","availabilityZone":"GeneratedFindingInstaceAvailabilityZone","imageId":"ami-99999999","imageDescription":"GeneratedFindingInstaceImageDescription"}},"service":{"serviceName":"guardduty","detectorId":"%DETECT_ID%","action":{"actionType":"NETWORK_CONNECTION","networkConnectionAction":{"remoteIpDetails":{"ipAddressV4":"%SRC_IP%","organization":{"asn":"-1","asnOrg":"GeneratedFindingASNOrg","isp":"GeneratedFindingISP","org":"GeneratedFindingORG"},"country":{"countryName":"GeneratedFindingCountryName"},"city":{"cityName":"GeneratedFindingCityName"},"geoLocation":{"lat":0,"lon":0}},"blocked":"false","connectionDirection":"INBOUND","remotePortDetails":{"port":1067,"portName":"Unknown"},"localPortDetails":{"port":3389,"portName":"RDP"},"protocol":"TCP"}},"resourceRole":"TARGET","additionalInfo":{"sample":"true"},"eventFirstSeen":"%TS%","eventLastSeen":"%TS%","archived":"false","count":1},"severity":2,"createdAt":"%TS%","updatedAt":"%TS%","title":"198.51.100.0 is performing RDP brute force attacks against i-99999999.","description":"198.51.100.0 is performing RDP brute force attacks against i-99999999. Brute force attacks are used to gain unauthorized access to your instance by guessing the RDP password."} |
| UnauthorizedAccess:EC2/SSHBruteForce             | {"schemaVersion":"2.0","accountId":"%ACCOUNTID%","region":"%REGION%","partition":"aws","id":"%ID%","arn":"%ARN%","type":"UnauthorizedAccess:EC2/SSHBruteForce","resource":{"resourceType":"Instance","instanceDetails":{"instanceId":"i-99999999","instanceType":"m3.xlarge","launchTime":"%TS%","platform":"null","productCodes":[{"productCodeId":"GeneratedFindingProductCodeId","productCodeType":"GeneratedFindingProductCodeType"}],"iamInstanceProfile":{"arn":"GeneratedFindingInstanceProfileArn","id":"GeneratedFindingInstanceProfileId"},"networkInterfaces":[{"ipv6Addresses":[],"networkInterfaceId":"eni-bfcffe88","privateDnsName":"GeneratedFindingPrivateDnsName","privateIpAddress":"10.0.0.1","privateIpAddresses":[{"privateDnsName":"GeneratedFindingPrivateName","privateIpAddress":"10.0.0.1"}],"subnetId":"GeneratedFindingSubnetId","vpcId":"GeneratedFindingVPCId","securityGroups":[{"groupName":"GeneratedFindingSecurityGroupName","groupId":"GeneratedFindingSecurityId"}],"publicDnsName":"GeneratedFindingPublicDNSName","publicIp":"%SRC_IP%"}],"tags":[{"key":"GeneratedFindingInstaceTag1","value":"GeneratedFindingInstaceValue1"},{"key":"GeneratedFindingInstaceTag2","value":"GeneratedFindingInstaceTagValue2"},{"key":"GeneratedFindingInstaceTag3","value":"GeneratedFindingInstaceTagValue3"},{"key":"GeneratedFindingInstaceTag4","value":"GeneratedFindingInstaceTagValue4"},{"key":"GeneratedFindingInstaceTag5","value":"GeneratedFindingInstaceTagValue5"},{"key":"GeneratedFindingInstaceTag6","value":"GeneratedFindingInstaceTagValue6"},{"key":"GeneratedFindingInstaceTag7","value":"GeneratedFindingInstaceTagValue7"},{"key":"GeneratedFindingInstaceTag8","value":"GeneratedFindingInstaceTagValue8"},{"key":"GeneratedFindingInstaceTag9","value":"GeneratedFindingInstaceTagValue9"}],"instanceState":"running","availabilityZone":"GeneratedFindingInstaceAvailabilityZone","imageId":"ami-99999999","imageDescription":"GeneratedFindingInstaceImageDescription"}},"service":{"serviceName":"guardduty","detectorId":"%DETECT_ID%","action":{"actionType":"NETWORK_CONNECTION","networkConnectionAction":{"remoteIpDetails":{"ipAddressV4":"%SRC_IP%","organization":{"asn":"-1","asnOrg":"GeneratedFindingASNOrg","isp":"GeneratedFindingISP","org":"GeneratedFindingORG"},"country":{"countryName":"GeneratedFindingCountryName"},"city":{"cityName":"GeneratedFindingCityName"},"geoLocation":{"lat":0,"lon":0}},"blocked":"false","connectionDirection":"INBOUND","remotePortDetails":{"port":32794,"portName":"Unknown"},"localPortDetails":{"port":22,"portName":"SSH"},"protocol":"TCP"}},"resourceRole":"TARGET","additionalInfo":{"sample":"true"},"eventFirstSeen":"%TS%","eventLastSeen":"%TS%","archived":"false","count":1},"severity":2,"createdAt":"%TS%","updatedAt":"%TS%","title":"198.51.100.0 is performing SSH brute force attacks against i-99999999. ","description":"198.51.100.0 is performing SSH brute force attacks against i-99999999. Brute force attacks are used to gain unauthorized access to your instance by guessing the SSH password."} |
| UnauthorizedAccess:EC2/TorIPCaller               | {"schemaVersion":"2.0","accountId":"%ACCOUNTID%","region":"%REGION%","partition":"aws","id":"%ID%","arn":"%ARN%","type":"UnauthorizedAccess:EC2/TorIPCaller","resource":{"resourceType":"Instance","instanceDetails":{"instanceId":"i-99999999","instanceType":"m3.xlarge","launchTime":"%TS%","platform":"null","productCodes":[{"productCodeId":"GeneratedFindingProductCodeId","productCodeType":"GeneratedFindingProductCodeType"}],"iamInstanceProfile":{"arn":"GeneratedFindingInstanceProfileArn","id":"GeneratedFindingInstanceProfileId"},"networkInterfaces":[{"ipv6Addresses":[],"networkInterfaceId":"eni-bfcffe88","privateDnsName":"GeneratedFindingPrivateDnsName","privateIpAddress":"10.0.0.1","privateIpAddresses":[{"privateDnsName":"GeneratedFindingPrivateName","privateIpAddress":"10.0.0.1"}],"subnetId":"GeneratedFindingSubnetId","vpcId":"GeneratedFindingVPCId","securityGroups":[{"groupName":"GeneratedFindingSecurityGroupName","groupId":"GeneratedFindingSecurityId"}],"publicDnsName":"GeneratedFindingPublicDNSName","publicIp":"%SRC_IP%"}],"tags":[{"key":"GeneratedFindingInstaceTag1","value":"GeneratedFindingInstaceValue1"},{"key":"GeneratedFindingInstaceTag2","value":"GeneratedFindingInstaceTagValue2"},{"key":"GeneratedFindingInstaceTag3","value":"GeneratedFindingInstaceTagValue3"},{"key":"GeneratedFindingInstaceTag4","value":"GeneratedFindingInstaceTagValue4"},{"key":"GeneratedFindingInstaceTag5","value":"GeneratedFindingInstaceTagValue5"},{"key":"GeneratedFindingInstaceTag6","value":"GeneratedFindingInstaceTagValue6"},{"key":"GeneratedFindingInstaceTag7","value":"GeneratedFindingInstaceTagValue7"},{"key":"GeneratedFindingInstaceTag8","value":"GeneratedFindingInstaceTagValue8"},{"key":"GeneratedFindingInstaceTag9","value":"GeneratedFindingInstaceTagValue9"}],"instanceState":"running","availabilityZone":"GeneratedFindingInstaceAvailabilityZone","imageId":"ami-99999999","imageDescription":"GeneratedFindingInstaceImageDescription"}},"service":{"serviceName":"guardduty","detectorId":"%DETECT_ID%","action":{"actionType":"NETWORK_CONNECTION","networkConnectionAction":{"remoteIpDetails":{"ipAddressV4":"%SRC_IP%","organization":{"asn":"-1","asnOrg":"GeneratedFindingASNOrg","isp":"GeneratedFindingISP","org":"GeneratedFindingORG"},"country":{"countryName":"GeneratedFindingCountryName"},"city":{"cityName":"GeneratedFindingCityName"},"geoLocation":{"lat":0,"lon":0}},"blocked":"false","connectionDirection":"INBOUND","remotePortDetails":{"port":39677,"portName":"Unknown"},"localPortDetails":{"port":80,"portName":"HTTP"},"protocol":"TCP"}},"resourceRole":"TARGET","additionalInfo":{"sample":"true"},"eventFirstSeen":"%TS%","eventLastSeen":"%TS%","archived":"false","count":1},"severity":5,"createdAt":"%TS%","updatedAt":"%TS%","title":"Tor Exit node is communicating with EC2 instance i-99999999.","description":"EC2 instance i-99999999 is communicating with IP address 198.51.100.0 on the Tor Anonymizing Proxy network."} |
| UnauthorizedAccess:IAMUser/ConsoleLoginSuccess.B | {"schemaVersion":"2.0","accountId":"%ACCOUNTID%","region":"%REGION%","partition":"aws","id":"%ID%","arn":"%ARN%","type":"UnauthorizedAccess:IAMUser/ConsoleLoginSuccess.B","resource":{"resourceType":"AccessKey","accessKeyDetails":{"accessKeyId":"GeneratedFindingAccessKeyId","principalId":"GeneratedFindingPrincipalId","userType":"IAMUser","userName":"%USERNAME%"}},"service":{"serviceName":"guardduty","detectorId":"%DETECT_ID%","action":{"actionType":"AWS_API_CALL","awsApiCallAction":{"api":"GeneratedFindingAPIName","serviceName":"GeneratedFindingAPIServiceName","callerType":"Remote IP","remoteIpDetails":{"ipAddressV4":"%SRC_IP%","organization":{"asn":"-1","asnOrg":"GeneratedFindingASNOrg","isp":"GeneratedFindingISP","org":"GeneratedFindingORG"},"country":{"countryName":"GeneratedFindingCountryName"},"city":{"cityName":"GeneratedFindingCityName"},"geoLocation":{"lat":0,"lon":0}},"affectedResources":{}}},"resourceRole":"TARGET","additionalInfo":{"sample":"true","unusual":{"countries":["GeneratedFindingUnusualCountryName1","GeneratedFindingUnusualCountryName2","GeneratedFindingUnusualCountryName3","GeneratedFindingUnusualCountryName4"]}},"eventFirstSeen":"%TS%","eventLastSeen":"%TS%","archived":"false","count":1},"severity":5,"createdAt":"%TS%","updatedAt":"%TS%","title":"IAM User %USERNAME% logged into the AWS Console from multiple countries recently.","description":"Successful logins to the AWS Console were seen from multiple countries recently, using the credentials of IAM principal %USERNAME%. This could be an indication of the unauthorized use of this users password."} |
| UnauthorizedAccess:IAMUser/ConsoleLogin | {"schemaVersion":"2.0","accountId":"%ACCOUNTID%","region":"%REGION%","partition":"aws","id":"%ID%","arn":"%ARN%","type":"UnauthorizedAccess:IAMUser/ConsoleLogin","resource":{"resourceType":"AccessKey","accessKeyDetails":{"accessKeyId":"GeneratedFindingAccessKeyId","principalId":"GeneratedFindingPrincipalId","userType":"IAMUser","userName":"%USERNAME%"}},"service":{"serviceName":"guardduty","detectorId":"%DETECT_ID%","action":{"actionType":"AWS_API_CALL","awsApiCallAction":{"api":"GeneratedFindingAPIName","serviceName":"GeneratedFindingAPIServiceName","callerType":"Remote IP","remoteIpDetails":{"ipAddressV4":"%SRC_IP%","organization":{"asn":"-1","asnOrg":"GeneratedFindingASNOrg","isp":"GeneratedFindingISP","org":"GeneratedFindingORG"},"country":{"countryName":"GeneratedFindingCountryName"},"city":{"cityName":"GeneratedFindingCityName"},"geoLocation":{"lat":0,"lon":0}},"affectedResources":{}}},"resourceRole":"TARGET","additionalInfo":{"sample":"true","recentApiCalls":[{"api":"GeneratedFindingAPIName1","count":2},{"api":"GeneratedFindingAPIName2","count":2}]},"eventFirstSeen":"%TS%","eventLastSeen":"%TS%","archived":"false","count":1},"severity":5,"createdAt":"%TS%","updatedAt":"%TS%","title":"Unusual console login was seen for IAM principal %USERNAME%.","description":"Unusual console login seen from IAM principal %USERNAME%. Login activity using this client application, from the specific location has not been seen before from this principal."} |
| UnauthorizedAccess:IAMUser/MaliciousIPCaller.Custom | {"schemaVersion":"2.0","accountId":"%ACCOUNTID%","region":"%REGION%","partition":"aws","id":"%ID%","arn":"%ARN%","type":"UnauthorizedAccess:IAMUser/MaliciousIPCaller.Custom","resource":{"resourceType":"AccessKey","accessKeyDetails":{"accessKeyId":"GeneratedFindingAccessKeyId","principalId":"GeneratedFindingPrincipalId","userType":"AWSService","userName":"%USERNAME%"}},"service":{"serviceName":"guardduty","detectorId":"%DETECT_ID%","action":{"actionType":"AWS_API_CALL","awsApiCallAction":{"api":"GeneratedFindingAPIName","serviceName":"GeneratedFindingAPIServiceName","callerType":"Remote IP","remoteIpDetails":{"ipAddressV4":"%SRC_IP%","organization":{"asn":"-1","asnOrg":"GeneratedFindingASNOrg","isp":"GeneratedFindingISP","org":"GeneratedFindingORG"},"country":{"countryName":"GeneratedFindingCountryName"},"city":{"cityName":"GeneratedFindingCityName"},"geoLocation":{"lat":0,"lon":0}},"affectedResources":{}}},"resourceRole":"TARGET","additionalInfo":{"sample":"true","apiCalls":[{"name":"GeneratedFindingAPIName1","count":58908,"firstSeen":1511967961,"lastSeen":1513632527},{"name":"GeneratedFindingAPIName2","count":354,"firstSeen":1511975695,"lastSeen":1513632315}]},"eventFirstSeen":"%TS%","eventLastSeen":"%TS%","archived":"false","count":1},"severity":5,"createdAt":"%TS%","updatedAt":"%TS%","title":"API GeneratedFindingAPIName was invoked from an IP address on a custom threat list.","description":"API was invoked from an IP address on the custom threat list."} |
| UnauthorizedAccess:IAMUser/UnusualASNCaller | {"schemaVersion":"2.0","accountId":"%ACCOUNTID%","region":"%REGION%","partition":"aws","id":"%ID%","arn":"%ARN%","type":"UnauthorizedAccess:IAMUser/UnusualASNCaller","resource":{"resourceType":"AccessKey","accessKeyDetails":{"accessKeyId":"GeneratedFindingAccessKeyId","principalId":"GeneratedFindingPrincipalId","userType":"IAMUser","userName":"%USERNAME%"}},"service":{"serviceName":"guardduty","detectorId":"%DETECT_ID%","action":{"actionType":"AWS_API_CALL","awsApiCallAction":{"api":"GeneratedFindingAPIName","serviceName":"GeneratedFindingAPIServiceName","callerType":"Remote IP","remoteIpDetails":{"ipAddressV4":"%SRC_IP%","organization":{"asn":"-1","asnOrg":"GeneratedFindingASNOrg","isp":"GeneratedFindingISP","org":"GeneratedFindingORG"},"country":{"countryName":"GeneratedFindingCountryName"},"city":{"cityName":"GeneratedFindingCityName"},"geoLocation":{"lat":0,"lon":0}},"affectedResources":{}}},"resourceRole":"TARGET","additionalInfo":{"sample":"true","unusual":{"isps":"17756"}},"eventFirstSeen":"%TS%","eventLastSeen":"%TS%","archived":"false","count":1},"severity":8,"createdAt":"%TS%","updatedAt":"%TS%","title":"APIs invoked by %USERNAME% from an unusual network.","description":"APIs invoked by IAM principal %USERNAME% from an IP address that is registered to an unusual organization."} |
